{"cameraMode":{"drawMode":0,"name":"Shaded","section":"Shading Mode"},"sceneLighting":true,"audioPlay":false,"sceneViewState":{"showFog":true,"showMaterialUpdate":false,"showSkybox":true,"showFlares":true,"showImageEffects":true,"showParticleSystems":true},"in2DMode":false,"pivot":{"x":10.073822021484375,"y":-10.317378044128418,"z":4.273399353027344},"rotation":{"x":-0.0890146866440773,"y":0.9075107574462891,"z":-0.24560979008674622,"w":-0.32890287041664126},"size":45.68392562866211,"orthographic":false}