{"cameraMode":{"drawMode":0,"name":"Shaded","section":"Shading Mode"},"sceneLighting":true,"audioPlay":false,"sceneViewState":{"showFog":true,"showMaterialUpdate":false,"showSkybox":true,"showFlares":true,"showImageEffects":true,"showParticleSystems":true},"in2DMode":false,"pivot":{"x":1.4872920513153077,"y":2.0243873596191408,"z":1.435929298400879},"rotation":{"x":0.0017643397441133857,"y":0.9599770307540894,"z":-0.2800091505050659,"w":0.006048939656466246},"size":4.824745178222656,"orthographic":false}