{"cameraMode":{"drawMode":0,"name":"Shaded","section":"Shading Mode"},"sceneLighting":true,"audioPlay":false,"sceneViewState":{"showFog":true,"showMaterialUpdate":false,"showSkybox":true,"showFlares":true,"showImageEffects":true,"showParticleSystems":true},"in2DMode":false,"pivot":{"x":0.9645886421203613,"y":0.4559464454650879,"z":0.9941010475158691},"rotation":{"x":-0.006669587455689907,"y":0.9593055844306946,"z":-0.2813754081726074,"w":-0.022738801315426828},"size":5.724745750427246,"orthographic":false}